Company Name,Category,Subcategory,Description
Adventure Gear,Outdoor,Camping,Provides camping gear and outdoor adventure equipment.
Artistic Creations,Arts & Crafts,Supplies,Sells art supplies and craft materials.
Auto Tech,Automotive,Tech Upgrades,Provides technology upgrades and accessories for vehicles.
AutoZone,Automotive,Parts & Services,Provides automotive parts and repair services.
Baby Boutique,Retail,Baby Products,Offers a variety of baby products and accessories.
Beauty Bliss,Beauty,Skincare,Offers a range of skincare products made from natural ingredients.
Book Haven,Retail,Books,A wide selection of books across various genres.
Car Care,Automotive,Maintenance,Offers car care products and maintenance services.
Culinary Creations,Food & Beverage,Cooking Tools,Sells high-quality cooking tools and kitchen gadgets.
Digital Artworks,Arts & Crafts,Digital Art,Sells digital art supplies and software for artists.
Digital Dreams,Entertainment,Gaming,Develops and sells video games and gaming accessories.
Digital Learning,Education,E-Learning,Develops and offers online courses and educational materials.
DIY Home,Home Improvement,Tools,Provides tools and materials for DIY home improvement projects.
Eco Friendly Goods,Retail,Sustainable,Sells eco-friendly and sustainable household products.
EcoFashion,Fashion,Sustainable Apparel,Sells sustainable and eco-friendly clothing.
Fashion Accessories,Fashion,Accessories,"Sells fashion accessories like bags, belts, and scarves."
Fashion Forward,Fashion,Apparel,Trendy and stylish clothing for men and women.
FinTech Solutions,Finance,Technology,Develops financial technology products for businesses and consumers.
FitLife,Fitness,Equipment,Offers a variety of fitness equipment for personal and commercial use.
Gourmet Delights,Food & Beverage,Specialty Foods,Offers a variety of gourmet and artisanal food products.
Gourmet Grocer,Food & Beverage,Grocery,Offers a selection of gourmet grocery items and specialty foods.
Green Energy Co.,Energy,Renewable,Specializes in renewable energy solutions like solar panels and wind turbines.
Green Thumb,Gardening,Tools,Provides gardening tools and accessories.
HealthFirst,Healthcare,Medical Devices,Offers advanced medical devices for hospitals and clinics.
Healthy Living,Food & Beverage,Health Foods,Sells health foods and nutritional supplements.
Home Essentials,Retail,Household Items,Sells essential household items and cleaning products.
HomeComfort,Home Goods,Furniture,Provides high-quality furniture and home decor items.
HomeSafe Security,Security,Home Security,Provides home security systems and monitoring services.
Kids Corner,Retail,Children's Clothing,Offers clothing and accessories for children.
Luxury Home,Home Goods,High-End Furniture,Provides luxury furniture and home decor.
Luxury Watches,Retail,Jewelry,Sells luxury watches and fine jewelry.
Music World,Entertainment,Instruments,Provides musical instruments and accessories.
Office Supplies Co.,Office,Supplies,Sells office supplies and equipment for businesses.
Organic Beauty,Beauty,Cosmetics,Offers organic and natural cosmetic products.
Organic Farms,Agriculture,Organic Produce,Grows and sells organic fruits and vegetables.
Outdoor Living,Home Goods,Outdoor Furniture,Sells furniture and accessories for outdoor living spaces.
Pet Care,Retail,Pet Grooming,Offers pet grooming services and products.
Pet Paradise,Retail,Pet Supplies,Sells a wide range of pet supplies and accessories.
Professional Tools,Industrial,Equipment,Offers professional tools and industrial equipment for businesses.
Smart Electronics,Technology,Consumer Electronics,Offers the latest consumer electronics and gadgets.
SmartHome Systems,Technology,Home Automation,Provides smart home automation solutions and devices.
Sporting Goods,Sports,Equipment,Provides a wide range of sporting goods and equipment.
Tech Gadgets,Technology,Gadgets,Sells innovative tech gadgets and accessories.
Tech Innovators,Technology,Software,Provides cutting-edge software solutions for businesses.
Tech Repairs,Services,Electronics Repair,Offers repair services for electronic devices.
Tech Trends,Technology,Innovative Products,Provides the latest in tech trends and innovative products.
Toy Kingdom,Retail,Toys,Provides a variety of toys for children of all ages.
Travel Essentials,Retail,Luggage,Sells durable and stylish luggage and travel accessories.
Travel Gear,Outdoor,Travel Accessories,Provides a range of travel accessories and outdoor gear.
Wellness Essentials,Health & Wellness,Supplements,Offers health supplements and wellness products.
Wellness Spa,Health & Wellness,Spa Services,Offers spa treatments and wellness services.
